use students_inf;

INSERT INTO Courses (course_name, description, credits, teachername) VALUES 
('数据结构', '学习计算机程序的基本结构与设计', 4, '张伟'),
('操作系统', '操作系统的设计与实现', 4, '李婷'),
('离散数学', '学习离散数学基础', 3, '王磊'),
('计算机网络', '计算机网络的基础理论与应用', 3, '赵强'),
('数据库系统', '数据库设计与管理', 4, '孙丽'),
('软件工程', '软件开发过程的基本原理', 3, '陈浩'),
('电路原理', '学习电路的基本分析与设计', 3, '杨静'),
('模拟电子技术', '模拟电路与系统的基本知识', 3, '刘峰'),
('微机原理与应用', '微机硬件原理与应用设计', 3, '吴刚'),
('数字电路', '数字电路基础理论与应用', 3, '郑华'),
('现代控制理论', '现代自动控制系统的基本原理', 3, '许晨'),
('物理化学', '学习物理化学的基本原理', 3, '高超'),
('线性代数', '线性代数的基本理论与应用', 3, '何敏'),
('微积分', '学习微积分的基本概念与应用', 4, '刘畅'),
('概率论与数理统计', '概率与统计的基础知识与应用', 3, '冯伟'),
('人工智能', '人工智能的基础与应用技术', 3, '朱莹'),
('数据分析', '使用数据分析方法解决实际问题', 4, '张丽'),
('算法设计与分析', '学习常用算法的设计与分析方法', 4, '蒋涛'),
('网络安全', '网络安全与防护技术', 3, '周强'),
('图形学', '计算机图形学基础与应用', 3, '梁飞'),
('通信原理', '学习通信的基本原理与技术', 3, '贾慧'),
('信息论与编码', '信息论与编码基础', 3, '钱伟'),
('嵌入式系统', '嵌入式系统设计与应用', 3, '田林'),
('数据库管理系统', '数据库的管理与优化', 4, '李俊'),
('操作系统', '操作系统的设计与管理', 4, '曹彬'),
('数字信号处理', '数字信号的处理与应用', 3, '胡雪'),
('电力系统', '电力系统的基本理论与应用', 3, '肖荣'),
('电磁场理论', '电磁场理论基础与应用', 3, '赵鹏'),
('材料力学', '材料力学的基本理论与应用', 3, '郑华'),
('流体力学', '流体力学基础理论与应用', 3, '邱琦'),
('土木工程概论', '土木工程的基本理论与应用', 3, '何杰'),
('建筑结构设计', '建筑结构的基本设计与分析方法', 4, '江浩'),
('地理信息系统', '地理信息系统的应用技术', 3, '谢琼'),
('环境监测', '环境监测与分析技术', 3, '陈林'),
('控制系统设计', '自动控制系统的设计与优化', 3, '张伟'),
('计算机图形学', '计算机图形学与图像处理', 3, '李婷'),
('信号与系统', '信号与系统分析基础', 3, '王磊'),
('生物工程', '生物工程的基本理论与应用', 4, '赵强'),
('临床医学', '医学基本理论与实践', 5, '孙丽'),
('护理学', '护理基础知识与技能', 3, '陈浩'),
('生物医学工程基础', '生物医学工程的基础与应用', 4, '杨静'),
('医学影像学', '医学影像基础与应用技术', 3, '刘峰'),
('药理学', '药理学的基本原理与应用', 3, '吴刚'),
('药物化学', '药物化学的基本理论与实践', 3, '郑华'),
('临床药学', '临床药学的基本理论与实践', 4, '许晨'),
('基础医学', '基础医学的基本原理与实践', 4, '高超'),
('心理学原理', '心理学的基本理论与应用', 3, '何敏'),
('教育学', '教育学的基础理论与实践', 3, '刘畅'),
('社会学', '社会学的基本理论与应用', 4, '冯伟'),
('文化产业管理', '文化产业管理的基本理论与应用', 3, '朱莹');


INSERT INTO Majors (major_name) VALUES
('计算机科学与技术'), 
('软件工程'), 
('电子信息工程'), 
('自动化'), 
('通信工程'), 
('土木工程'), 
('建筑学'), 
('环境科学'), 
('生物医学工程'), 
('法学'), 
('会计学'), 
('国际经济与贸易'), 
('人力资源管理'), 
('市场营销'), 
('金融学'), 
('英语'), 
('翻译'), 
('新闻学'), 
('社会工作'), 
('心理学'), 
('物理学'), 
('化学'), 
('生物学'), 
('数学与应用数学'), 
('统计学'), 
('机械工程'), 
('材料科学与工程'), 
('能源与动力工程'), 
('环境工程'), 
('计算机网络'), 
('机械设计制造及其自动化'), 
('交通工程'), 
('航空航天工程'), 
('化学工程与工艺'), 
('核工程与核技术'), 
('地理信息科学'), 
('地质工程'), 
('智能制造'), 
('数字媒体艺术'), 
('动画'), 
('公共卫生与预防医学'), 
('护理学'), 
('药学'), 
('临床医学'), 
('医学影像学'), 
('生物信息学'), 
('物联网工程'), 
('机器人'), 
('新能源'), 
('生态学'), 
('社会学'), 
('艺术设计'), 
('金融工程'), 
('房地产'), 
('教育学'), 
('体育教育'), 
('文化产业管理'), 
('旅游管理'), 
('国际文化与传媒');

INSERT INTO Teachers (name, gender,  email, academy) VALUES
('张伟', '男',  'zhangwei@example.com', '计算机学院'),
('李婷', '女',   'liting@example.com', '电子工程学院'),
('王磊', '男',   'wanglei@example.com', '自动化学院'),
('赵强', '男',   'zhaoqiang@example.com', '通信工程学院'),
('孙丽', '女',   'sunli@example.com', '土木工程学院'),
('陈浩', '男',  'chenhao@example.com', '建筑学院'),
('杨静', '女',   'yangjing@example.com', '环境科学学院'),
('刘峰', '男',  'liufeng@example.com', '生物医学工程学院'),
('吴刚', '男',   'wugang@example.com', '法学院'),
('郑华', '男',  'zhenghua1@example.com', '商学院'),
('许晨', '女',   'xuchen@example.com', '外国语学院'),
('高超', '男',  'gaochao@example.com', '新闻与传媒学院'),
('何敏', '女',   'hemin@example.com', '社会学院'),
('刘畅', '男',   'liuchang@example.com', '心理学院'),
('冯伟', '男',   'fengwei@example.com', '理学院'),
('朱莹', '女',  'zhuying@example.com', '化学学院'),
('张丽', '女',   'zhangli@example.com', '生物学院'),
('蒋涛', '男',   'jiangtao@example.com', '数学与统计学院'),
('周强', '男',   'zhouqiang@example.com', '统计学院'),
('梁飞', '男',   'liangfei@example.com', '机械学院'),
('贾慧', '女',   'jiahui@example.com', '材料学院'),
('钱伟', '男',   'qianwei@example.com', '能源与动力工程学院'),
('田林', '男',  'tianlin@example.com', '环境工程学院'),
('李俊', '男',   'lijun@example.com', '计算机学院'),
('曹彬', '男',   'caobin@example.com', '机械工程学院'),
('胡雪', '女',   'huxue@example.com', '交通学院'),
('肖荣', '男',   'xiaorong@example.com', '航空航天学院'),
('赵鹏', '男',   'zhaopeng@example.com', '化学工程学院'),
('郑华', '男',   'zhenghua2@example.com', '核工程学院'),
('邱琦', '男',   'qiuchi@example.com', '地理与环境学院'),
('何杰', '男',   'hejie@example.com', '地质学院'),
('江浩', '男',   'jianghao@example.com', '新能源与环境学院'),
('谢琼', '女',   'xieqiong@example.com', '生态学院'),
('陈林', '男',   'chenlin@example.com', '社会学院');

-- 插入 TempGrades 表数据
INSERT INTO TempGrades (student_id, course_id) VALUES
(1, 1),
(2, 2),
(3, 3),
(4, 4),
(5, 5),
(6, 6),
(7, 7),
(8, 8),
(9, 9),
(10, 10),
(11, 1),
(12, 2),
(13, 3),
(14, 4),
(15, 5),
(16, 6),
(17, 7),
(18, 8),
(19, 9),
(20, 10),
(21, 1),
(22, 2),
(23, 3),
(24, 4),
(25, 5),
(26, 6),
(27, 7),
(28, 8),
(29, 9),
(30, 10),
(31, 1),
(32, 2),
(33, 3),
(34, 4),
(35, 5),
(36, 6),
(37, 7),
(38, 8),
(39, 9),
(40, 10),
(41, 1),
(42, 2),
(43, 3),
(44, 4),
(45, 5),
(46, 6),
(47, 7);

-- 插入 Grades 表数据
INSERT INTO Grades (student_id, course_id, grade, date_graded) VALUES
(1, 1, 85.5, '2024-06-15'),
(2, 2, 92.0, '2024-06-15'),
(3, 3, 78.5, '2024-06-16'),
(4, 4, 88.0, '2024-06-17'),
(5, 5, 79.5, '2024-06-18'),
(6, 6, 91.5, '2024-06-18'),
(7, 7, 84.0, '2024-06-19'),
(8, 8, 90.0, '2024-06-19'),
(9, 9, 86.5, '2024-06-20'),
(10, 10, 95.0, '2024-06-21'),
(11, 11, 78.0, '2024-06-21'),
(12, 12, 82.5, '2024-06-22'),
(13, 13, 80.0, '2024-06-22'),
(14, 14, 91.0, '2024-06-23'),
(15, 15, 85.0, '2024-06-24'),
(16, 16, 88.5, '2024-06-24'),
(17, 17, 77.5, '2024-06-25'),
(18, 18, 90.5, '2024-06-25'),
(19, 19, 85.5, '2024-06-26'),
(20, 20, 92.5, '2024-06-26'),
(21, 1, 84.0, '2024-06-27'),
(22, 2, 93.0, '2024-06-27'),
(23, 3, 78.5, '2024-06-28'),
(24, 4, 87.0, '2024-06-28'),
(25, 5, 79.0, '2024-06-29'),
(26, 6, 91.0, '2024-06-30'),
(27, 7, 84.5, '2024-06-30'),
(28, 8, 89.5, '2024-07-01'),
(29, 9, 86.0, '2024-07-01'),
(30, 10, 95.5, '2024-07-02'),
(31, 11, 79.5, '2024-07-02'),
(32, 12, 83.5, '2024-07-03'),
(33, 13, 80.5, '2024-07-03'),
(34, 14, 91.5, '2024-07-04'),
(35, 15, 85.5, '2024-07-04'),
(36, 16, 89.0, '2024-07-05'),
(37, 17, 77.0, '2024-07-05'),
(38, 18, 90.0, '2024-07-06'),
(39, 19, 85.0, '2024-07-06'),
(40, 20, 92.0, '2024-07-07'),
(41, 1, 84.5, '2024-07-07'),
(42, 2, 92.5, '2024-07-08'),
(43, 3, 78.0, '2024-07-08'),
(44, 4, 88.5, '2024-07-09'),
(45, 5, 79.5, '2024-07-09'),
(46, 6, 91.5, '2024-07-10'),
(47, 7, 85.0, '2024-07-10');

INSERT INTO Students (name, gender, date_of_birth, contact_no, email, enrollment_date, academy, major) VALUES
('李明', '男', '2000-01-15', '13812345678', 'liming@example.com', '2018-09-01', '计算机学院', '计算机科学与技术'),
('张伟', '男', '1999-04-20', '13912345679', 'zhangwei@example.com', '2018-09-01', '计算机学院', '信息安全'),
('王丽', '女', '2000-02-25', '13712345680', 'wangli@example.com', '2018-09-01', '电子工程学院', '通信工程'),
('李娜', '女', '1999-11-30', '13612345681', 'lina@example.com', '2018-09-01', '机械工程学院', '机械设计制造及其自动化'),
('陈晨', '男', '2000-07-05', '13512345682', 'chenchen@example.com', '2018-09-01', '建筑学院', '土木工程'),
('刘洋', '男', '1998-03-15', '13412345683', 'liuyang@example.com', '2017-09-01', '化学与化工学院', '化学工程与工艺'),
('张晨', '男', '2000-08-10', '13312345684', 'zhangchen@example.com', '2018-09-01', '计算机学院', '软件工程'),
('黄静', '女', '2000-09-01', '13212345685', 'huangjing@example.com', '2018-09-01', '外国语学院', '英语'),
('赵刚', '男', '1999-05-14', '13112345686', 'zhaogang@example.com', '2018-09-01', '自动化学院', '自动化'),
('王芳', '女', '1999-12-23', '13012345687', 'wangfang@example.com', '2018-09-01', '数学与计算机学院', '数据科学与大数据技术'),
('刘强', '男', '2000-06-18', '12912345688', 'liuqiang@example.com', '2018-09-01', '物理学院', '物理学'),
('李红', '女', '2000-01-12', '13823456789', 'lihong@example.com', '2018-09-01', '心理学院', '心理学'),
('高明', '男', '2000-04-17', '13923456790', 'gaoming@example.com', '2018-09-01', '法学院', '法学'),
('何斌', '男', '1999-10-09', '13723456791', 'hebin@example.com', '2018-09-01', '商学院', '国际经济与贸易'),
('杨阳', '男', '2000-03-22', '13623456792', 'yangyang@example.com', '2018-09-01', '管理学院', '人力资源管理'),
('孙磊', '男', '2000-07-01', '13523456793', 'sunlei@example.com', '2018-09-01', '材料科学与工程学院', '材料成型及控制工程'),
('吴莉', '女', '1999-09-19', '13423456794', 'wuli@example.com', '2018-09-01', '艺术与设计学院', '视觉传达设计'),
('赵磊', '男', '2000-02-10', '13323456795', 'zhaolei@example.com', '2018-09-01', '医学学院', '临床医学'),
('蒋瑶', '女', '1999-11-15', '13223456796', 'jiangyao@example.com', '2018-09-01', '教育学院', '教育学'),
('唐蕾', '女', '2000-01-20', '13123456797', 'tanglei@example.com', '2018-09-01', '外国语学院', '日语'),
('王帅', '男', '1999-12-08', '13023456798', 'wangshuai@example.com', '2018-09-01', '历史学院', '历史学'),
('刘斌', '男', '2000-08-02', '12923456799', 'liubin@example.com', '2018-09-01', '新闻与传播学院', '新闻学'),
('陈涛', '男', '2000-09-16', '12823456700', 'chentao@example.com', '2018-09-01', '艺术与设计学院', '环境设计'),
('李志', '男', '1999-07-25', '12723456701', 'lizhi@example.com', '2018-09-01', '哲学学院', '哲学'),
('王洁', '女', '2000-03-02', '12623456702', 'wangjie@example.com', '2018-09-01', '数学与计算机学院', '应用数学'),
('周洋', '男', '2000-06-08', '12523456703', 'zhouyang@example.com', '2018-09-01', '生命科学学院', '生物科学'),
('田芳', '女', '1999-10-12', '12423456704', 'tianfang@example.com', '2018-09-01', '化学与化工学院', '高分子材料与工程'),
('李琦', '男', '1999-12-05', '12323456705', 'liqi@example.com', '2018-09-01', '电子工程学院', '电气工程及其自动化'),
('郑浩', '男', '2000-05-06', '12223456706', 'zhenghao@example.com', '2018-09-01', '法学院', '法学'),
('马俊', '男', '1999-02-18', '12123456707', 'majun@example.com', '2018-09-01', '国际学院', '国际关系'),
('蒋浩', '男', '2000-07-17', '12023456708', 'jianghao@example.com', '2018-09-01', '经济与管理学院', '市场营销'),
('范冰', '女', '1999-11-13', '11923456709', 'fanbing@example.com', '2018-09-01', '信息科学与技术学院', '计算机科学与技术'),
('黄凯', '男', '2000-04-10', '11823456710', 'huangkai@example.com', '2018-09-01', '管理学院', '物流管理'),
('张丹', '女', '2000-08-21', '11723456711', 'zhangdan@example.com', '2018-09-01', '美术学院', '美术学'),
('刘俊', '男', '1999-09-07', '11623456712', 'liujun@example.com', '2018-09-01', '数学与计算机学院', '统计学'),
('陈怡', '女', '2000-02-27', '11523456713', 'chenyi@example.com', '2018-09-01', '语言学院', '汉语言文学'),
('杨强', '男', '1999-06-15', '11423456714', 'yangqiang@example.com', '2018-09-01', '计算机学院', '网络工程'),
('王萌', '女', '2000-09-03', '11323456715', 'wangmeng@example.com', '2018-09-01', '机械工程学院', '机械工程'),
('郑凯', '男', '1999-08-27', '11223456716', 'zhengkai@example.com', '2018-09-01', '地理与环境学院', '地理信息科学'),
('罗海', '男', '2000-03-17', '11123456717', 'luohai@example.com', '2018-09-01', '生命科学学院', '生物技术'),
('赵阳', '男', '1999-01-11', '11023456718', 'zhaoyang@example.com', '2018-09-01', '人文学院', '社会学'),
('周莉', '女', '1999-07-21', '10923456719', 'zhouli@example.com', '2018-09-01', '法学院', '法学'),
('潘婷', '女', '2000-05-22', '10823456720', 'panting@example.com', '2018-09-01', '数学与计算机学院', '计算机应用技术'),
('李杰', '男', '1999-10-03', '10723456721', 'lijie@example.com', '2018-09-01', '化学学院', '化学工程'),
('宋丹', '女', '2000-08-29', '10623456722', 'songdan@example.com', '2018-09-01', '艺术与设计学院', '产品设计'),
('刘欣', '男', '2000-03-06', '10523456723', 'liuxin@example.com', '2018-09-01', '电子与信息工程学院', '电子信息工程'),
('王成', '男', '1999-06-30', '10423456724', 'wangcheng@example.com', '2018-09-01', '计算机科学与技术学院', '人工智能');

INSERT INTO Academies (academy_name, major_name, major_id, student_count) VALUES
('计算机学院', '计算机科学与技术', 1, 500),
('计算机学院', '软件工程', 2, 450),
('电子工程学院', '电子信息工程', 3, 400),
('自动化学院', '自动化', 4, 350),
('通信工程学院', '通信工程', 5, 420),
('土木工程学院', '土木工程', 6, 480),
('建筑学院', '建筑学', 7, 300),
('环境科学学院', '环境科学', 8, 350),
('生物医学工程学院', '生物医学工程', 9, 280),
('法学院', '法学', 10, 320),
('商学院', '会计学', 11, 400),
('商学院', '国际经济与贸易', 12, 370),
('商学院', '人力资源管理', 13, 330),
('商学院', '市场营销', 14, 310),
('金融学院', '金融学', 15, 440),
('外国语学院', '英语', 16, 380),
('外国语学院', '翻译', 17, 350),
('新闻与传媒学院', '新闻学', 18, 360),
('社会学院', '社会工作', 19, 300),
('心理学院', '心理学', 20, 270),
('理学院', '物理学', 21, 310),
('化学学院', '化学', 22, 280),
('生物学院', '生物学', 23, 330),
('数学与统计学院', '数学与应用数学', 24, 400),
('统计学院', '统计学', 25, 320),
('机械学院', '机械工程', 26, 450),
('材料学院', '材料科学与工程', 27, 380),
('能源与动力工程学院', '能源与动力工程', 28, 330),
('环境工程学院', '环境工程', 29, 300),
('计算机学院', '计算机网络', 30, 500),
('机械工程学院', '机械设计制造及其自动化', 31, 480),
('交通学院', '交通工程', 32, 270),
('航空航天学院', '航空航天工程', 33, 320),
('化学工程学院', '化学工程与工艺', 34, 280),
('核工程学院', '核工程与核技术', 35, 250),
('地理与环境学院', '地理信息科学', 36, 330),
('地质学院', '地质工程', 37, 210),
('土木工程学院', '土木工程', 38, 500),
('新能源与环境学院', '新能源', 39, 400),
('生态学院', '生态学', 40, 350),
('社会学院', '社会学', 41, 320),
('艺术学院', '艺术设计', 42, 280),
('商学院', '金融工程', 43, 350),
('房地产学院', '房地产', 44, 290),
('教育学院', '教育学', 45, 450),
('体育学院', '体育教育', 46, 320),
('文化产业管理学院', '文化产业管理', 47, 280),
('旅游学院', '旅游管理', 48, 300),
('国际文化与传媒学院', '国际文化与传媒', 49, 280),
('医学院', '临床医学', 50, 350);
